"Id","Parameter","Enhet","Enhet (Standard)","Faktor (Standard)","Enhet (Alternativ)","Faktor (Alternativ)","Antal värdesiffror"
"379","4:2 FTS","ng/l","ng/l","1,000000000000","","",""
"337","6:2 FTS","ng/l","ng/l","1,000000000000","","",""
"383","8:2 FTS","ng/l","ng/l","1,000000000000","","",""
"122","Abs_F 254","/5cm","/5cm","1,000000000000","","",""
"123","Abs_F 365","/5cm","/5cm","1,000000000000","","",""
"208","Abs_F 365","/m","/m","1,000000000000","","",""
"252","Abs_F 400","/5cm","/5cm","1,000000000000","","",""
"75","Abs_F 420","/5cm","/5cm","1,000000000000","","",""
"99","Abs_F 436","/5cm","/m","20,000000000000","","",""
"209","Abs_F 436","/m","/m","1,000000000000","","",""
"190","Abs_OF 254","/5cm","/5cm","1,000000000000","","",""
"76","Abs_OF 420","/5cm","/5cm","1,000000000000","","",""
"310","Acenaften","µg/l","µg/l","1,000000000000","","",""
"358","Acenaften","ng/l","µg/l","0,001000000000","","",""
"311","Acenaftylen","µg/l","µg/l","1,000000000000","","",""
"359","Acenaftylen","ng/l","µg/l","0,001000000000","","",""
"125","Acid.","mekv/l","mekv/l","1,000000000000","","",""
"290","Acid.","mmol/l","mekv/l","1,000000000000","","",""
"263","Ag","µg/l","µg/l","1,000000000000","","",""
"274","Ag","mg/l","µg/l","1000,000000000000","","",""
"275","Ag_F","µg/l","µg/l","1,000000000000","","",""
"276","Ag_F","mg/l","µg/l","1000,000000000000","","",""
"47","Al","µg/l","µg/l","1,000000000000","","",""
"61","Al","mg/l","µg/l","1000,000000000000","","",""
"100","Al_filt","µg/l","µg/l","1,000000000000","","",""
"101","Al_filt","mg/l","µg/l","1000,000000000000","","",""
"264","Al_ICP","µg/l","µg/l","1,000000000000","","",""
"223","Al_ICPAES","µg/l","µg/l","1,000000000000","","",""
"256","Al_ICPKJB","µg/l","µg/l","1,000000000000","","",""
"197","Al_NA","µg/l","µg/l","1,000000000000","","",""
"295","Al_NA","mg/l","µg/l","1000,000000000000","","",""
"181","Al_NAD","µg/l","µg/l","1,000000000000","","",""
"241","Al_NAD","mg/l","µg/l","1000,000000000000","","",""
"258","Al_NI","µg/l","µg/l","1,000000000000","","",""
"257","Al_s","µg/l","µg/l","1,000000000000","","",""
"196","AlI_NAJ","µg/l","µg/l","1,000000000000","","",""
"240","AlI_NAJ","mg/l","µg/l","1000,000000000000","","",""
"8","Alk.","mekv/l","mekv/l","1,000000000000","","",""
"178","Alk.","mmol/l","mekv/l","1,000000000000","","",""
"184","Alk.","mg HCO3/l","mekv/l","0,016388069000","","",""
"94","Alk/Acid","mekv/l","mekv/l","1,000000000000","","",""
"145","Alk/Acid","mg HCO3/l","mekv/l","0,016388069000","","",""
"146","Alk/Acid","mmol/l","mekv/l","1,000000000000","","",""
"194","AlO_NAJ","µg/l","µg/l","1,000000000000","","",""
"312","Antracen","µg/l","µg/l","1,000000000000","","",""
"360","Antracen","ng/l","µg/l","0,001000000000","","",""
"48","AOX","mg/l","mg/l","1,000000000000","","",""
"9","As","µg/l","µg/l","1,000000000000","","",""
"130","As","mg/l","µg/l","1000,000000000000","","",""
"95","As_F","µg/l","µg/l","1,000000000000","","",""
"210","As_F","mg/l","µg/l","1000,000000000000","","",""
"52","B","mg/l","µg/l","1000,000000000000","","",""
"62","B","µg/l","µg/l","1,000000000000","","",""
"296","B_F","mg/l","µg/l","1000,000000000000","","",""
"49","Ba","µg/l","µg/l","1,000000000000","","",""
"268","Ba","mg/l","µg/l","1000,000000000000","","",""
"96","Ba_F","µg/l","µg/l","1,000000000000","","",""
"273","Ba_F","mg/l","µg/l","1000,000000000000","","",""
"308","Be","µg/l","µg/l","1,000000000000","","",""
"297","Be_F","mg/l","µg/l","1000,000000000000","","",""
"320","Benso(a)antracen","µg/l","µg/l","1,000000000000","","",""
"361","Benso(a)antracen","ng/l","µg/l","0,001000000000","","",""
"321","Benso(a)pyren","µg/l","µg/l","1,000000000000","","",""
"362","Benso(a)pyren","ng/l","µg/l","0,001000000000","","",""
"322","Benso(b)fluoranten","µg/l","µg/l","1,000000000000","","",""
"363","Benso(b)fluoranten","ng/l","µg/l","0,001000000000","","",""
"335","Benso(b,k)fluoranten","µg/l","µg/l","1,000000000000","","",""
"323","Benso(ghi)perylen","µg/l","µg/l","1,000000000000","","",""
"364","Benso(ghi)perylen","ng/l","µg/l","0,001000000000","","",""
"324","Benso(k)fluoranten","µg/l","µg/l","1,000000000000","","",""
"365","Benso(k)fluoranten","ng/l","µg/l","0,001000000000","","",""
"165","BOD5","mg/l","mg/l O2","1,000000000000","","",""
"247","BOD5","mg/l O2","mg/l O2","1,000000000000","","",""
"164","BOD7","mg/l","mg/l O2","1,000000000000","","",""
"201","BOD7","mg/l O2","mg/l O2","1,000000000000","","",""
"10","Ca","mekv/l","mg/l","20,040000000000","mekv/l","1,000000000000",""
"46","Ca","mg/l","mg/l","1,000000000000","mekv/l","0,049900200000",""
"144","Ca+Mg","mekv/l","mekv/l","1,000000000000","","",""
"206","Ca+Mg","mg/l","mg/l","1,000000000000","","",""
"232","Ca_F","mg/l","mg/l","1,000000000000","mekv/l","0,049900200000",""
"285","Ca_F","mekv/l","mekv/l","1,000000000000","","",""
"11","Cd","µg/l","µg/l","1,000000000000","","",""
"131","Cd","mg/l","µg/l","1000,000000000000","","",""
"102","Cd_F","µg/l","µg/l","1,000000000000","","",""
"212","Cd_F","mg/l","µg/l","1000,000000000000","","",""
"12","Cl","mekv/l","mg/l","35,450000000000","mekv/l","1,000000000000",""
"63","Cl","mg/l","mg/l","1,000000000000","mekv/l","0,028200000000",""
"287","Cl_F","mg/l","mg/l","1,000000000000","","",""
"195","ClO3","mg/l","mg/l","1,000000000000","","",""
"159","CN-tot","µg/l","µg/l","1,000000000000","","",""
"160","CN-tot","mg/l","µg/l","1000,000000000000","","",""
"13","Co","µg/l","µg/l","1,000000000000","","",""
"132","Co","mg/l","µg/l","1000,000000000000","","",""
"104","Co_F","µg/l","µg/l","1,000000000000","","",""
"213","Co_F","mg/l","µg/l","1000,000000000000","","",""
"237","CODCr","mg/l","mg/l O2","1,000000000000","","",""
"248","CODCr","mg/l O2","mg/l O2","1,000000000000","","",""
"158","CODMn","mg/l","mg/l O2","1,000000000000","","",""
"239","CODMn","mg/l O2","mg/l O2","1,000000000000","","",""
"14","Cr","µg/l","µg/l","1,000000000000","","",""
"133","Cr","mg/l","µg/l","1000,000000000000","","",""
"260","Cr6","µg/l","µg/l","1,000000000000","","",""
"284","Cr6","mg/l","µg/l","1000,000000000000","","",""
"106","Cr_F","µg/l","µg/l","1,000000000000","","",""
"215","Cr_F","mg/l","µg/l","1000,000000000000","","",""
"15","Cu","µg/l","µg/l","1,000000000000","","",""
"134","Cu","mg/l","µg/l","1000,000000000000","","",""
"105","Cu_F","µg/l","µg/l","1,000000000000","","",""
"183","Cu_F","mg/l","µg/l","1000,000000000000","","",""
"325","Dibenso(a,h)antracen","µg/l","µg/l","1,000000000000","","",""
"366","Dibenso(a,h)antracen","ng/l","µg/l","0,001000000000","","",""
"58","DOC","mg/l","mg/l C","1,000000000000","","",""
"205","DOC","mg/l C","mg/l C","1,000000000000","","",""
"242","Etylenglykol","mg/l","mg/l","1,000000000000","","",""
"18","F","mg/l","mg/l","1,000000000000","mekv/l","0,052631579000",""
"78","F","mekv/l","mg/l","19,000000000000","mekv/l","1,000000000000",""
"17","Fe","µg/l","µg/l","1,000000000000","","",""
"64","Fe","mg/l","µg/l","1000,000000000000","","",""
"97","Fe_F","µg/l","µg/l","1,000000000000","","",""
"98","Fe_F","mg/l","µg/l","1000,000000000000","","",""
"316","Fenantren","µg/l","µg/l","1,000000000000","","",""
"367","Fenantren","ng/l","µg/l","0,001000000000","","",""
"59","Fenol","mg/l","µg/l","1000,000000000000","","",""
"65","Fenol","µg/l","µg/l","1,000000000000","","",""
"317","Fluoranten","µg/l","µg/l","1,000000000000","","",""
"368","Fluoranten","ng/l","µg/l","0,001000000000","","",""
"318","Fluoren","µg/l","µg/l","1,000000000000","","",""
"369","Fluoren","ng/l","µg/l","0,001000000000","","",""
"351","FOSA","ng/l","ng/l","1,000000000000","","",""
"16","Färgtal","mg Pt/l","mg Pt/l","1,000000000000","","",""
"60","GF","mg/l","mg/l","1,000000000000","","",""
"218","GR","mg/l","mg/l","1,000000000000","","",""
"270","H2S","mg/l","mg/l","1,000000000000","","",""
"387","H4PFUnDA","ng/l","ng/l","1,000000000000","","",""
"19","Hg","ng/l","ng/l","1,000000000000","","",""
"66","Hg","µg/l","ng/l","1000,000000000000","","",""
"259","Hg","mg/l","ng/l","1000000,000000000000","","",""
"175","Hg_F","ng/l","ng/l","1,000000000000","","",""
"224","Hg_F","µg/l","ng/l","1000,000000000000","","",""
"283","Hg_F","mg/l","ng/l","1000000,000000000000","","",""
"386","HPFHpA","ng/l","ng/l","1,000000000000","","",""
"319","Indeno(1,2,3-cd)pyren","µg/l","µg/l","1,000000000000","","",""
"370","Indeno(1,2,3-cd)pyren","ng/l","µg/l","0,001000000000","","",""
"20","K","mekv/l","mg/l","39,100000000000","mekv/l","1,000000000000",""
"67","K","mg/l","mg/l","1,000000000000","mekv/l","0,025570000000",""
"281","K_F","mg/l","mg/l","1,000000000000","","",""
"21","Kfyll","µg/l","µg/l","1,000000000000","","",""
"128","Kfyll","mg/m3","µg/l","1,000000000000","","",""
"22","Kjeld.-N","µg/l","µg/l N","1,000000000000","","",""
"68","Kjeld.-N","mg/l","µg/l N","1000,000000000000","","",""
"167","Kjeld.-N","µg/l N","µg/l N","1,000000000000","","",""
"23","KMnO4","mg/l","mg/l","1,000000000000","","",""
"191","Kond","mS/m","mS/m","1,000000000000","","",""
"291","Kond","µS/cm","µS/cm","1,000000000000","","",""
"193","Kond_20","mS/m","µS/cm","10,000000000000","","",""
"231","Kond_20","µS/cm","µS/cm","1,000000000000","","",""
"110","Kond_25","mS/m","mS/m","1,000000000000","","",""
"111","Kond_25","µS/cm","mS/m","0,100000000000","","",""
"326","Krysen","µg/l","µg/l","1,000000000000","","",""
"378","Krysen + Trifenylen","ng/l","µg/l","0,001000000000","","",""
"140","Li","mg/l","µg/l","1000,000000000000","","",""
"143","Li","µg/l","µg/l","1,000000000000","","",""
"266","Li_F","µg/l","µg/l","1,000000000000","","",""
"305","Li_F","mg/l","µg/l","1000,000000000000","","",""
"269","MeHg","ng/l","ng/l","1,000000000000","","",""
"24","Mg","mekv/l","mg/l","12,155000000000","mekv/l","1,000000000000",""
"77","Mg","mg/l","mg/l","1,000000000000","mekv/l","0,079681275000",""
"282","Mg_F","mg/l","mg/l","1,000000000000","","",""
"25","Mn","µg/l","µg/l","1,000000000000","","",""
"69","Mn","mg/l","µg/l","1000,000000000000","","",""
"107","Mn_F","µg/l","µg/l","1,000000000000","","",""
"176","Mn_F","mg/l","µg/l","1000,000000000000","","",""
"26","Mo","µg/l","µg/l","1,000000000000","","",""
"147","Mo","mg/l","µg/l","1000,000000000000","","",""
"118","Mo_F","µg/l","µg/l","1,000000000000","","",""
"303","Mo_F","mg/l","µg/l","1000,000000000000","","",""
"27","Na","mekv/l","mg/l","22,990000000000","mekv/l","1,000000000000",""
"70","Na","mg/l","mg/l","1,000000000000","mekv/l","0,043497173000",""
"280","Na_F","mg/l","mg/l","1,000000000000","","",""
"327","Naftalen","µg/l","µg/l","1,000000000000","","",""
"371","Naftalen","ng/l","µg/l","0,001000000000","","",""
"328","NH3-N","mg/l","mg/l","1,000000000000","","",""
"28","NH4-N","µg/l","µg/l N","1,000000000000","","",""
"71","NH4-N","mg/l","µg/l N","1000,000000000000","","",""
"168","NH4-N","µg/l N","µg/l N","1,000000000000","","",""
"254","NH4-N","mg/l N","µg/l N","1000,000000000000","","",""
"396","NH4-N_F","mg/l","µg/l N","1000,000000000000","","",""
"29","Ni","µg/l","µg/l","1,000000000000","","",""
"135","Ni","mg/l","µg/l","1000,000000000000","","",""
"108","Ni_F","µg/l","µg/l","1,000000000000","","",""
"216","Ni_F","mg/l","µg/l","1000,000000000000","","",""
"31","NO2+NO3-N","µg/l","µg/l N","1,000000000000","","",""
"72","NO2+NO3-N","mg/l","µg/l N","1000,000000000000","","",""
"169","NO2+NO3-N","µg/l N","µg/l N","1,000000000000","","",""
"255","NO2+NO3-N","mg/l N","µg/l N","1000,000000000000","","",""
"30","NO2-N","µg/l","µg/l N","1,000000000000","","",""
"126","NO2-N","mg/l","µg/l N","1000,000000000000","","",""
"278","NO2-N","mg/l N","µg/l N","1000,000000000000","","",""
"279","NO2-N","µg/l N","µg/l N","1,000000000000","","",""
"54","NO3-N","µg/l","µg/l N","1,000000000000","","",""
"127","NO3-N","mg/l","µg/l N","1000,000000000000","","",""
"200","NO3-N","mg/l N","µg/l N","1000,000000000000","","",""
"202","NO3-N","µg/l N","µg/l N","1,000000000000","","",""
"84","Org-N","µg/l","µg/l N","1,000000000000","","",""
"93","Org-N","mg/l","µg/l N","1000,000000000000","","",""
"293","P_ICP","µg/l","µg/l","1,000000000000","","",""
"309","P_ICP_F","µg/l","µg/l","1,000000000000","","",""
"330","PAH, summa av carcinogena föreningar","µg/l","µg/l","1,000000000000","","",""
"372","PAH, summa av carcinogena föreningar","ng/l","µg/l","0,001000000000","","",""
"331","PAH, summa hög molekylvikt","µg/l","µg/l","1,000000000000","","",""
"373","PAH, summa hög molekylvikt","ng/l","µg/l","0,001000000000","","",""
"332","PAH, summa låg molekylvikt","µg/l","µg/l","1,000000000000","","",""
"374","PAH, summa låg molekylvikt","ng/l","µg/l","0,001000000000","","",""
"333","PAH, summa medelhög molekylvikt","µg/l","µg/l","1,000000000000","","",""
"375","PAH, summa medelhög molekylvikt","ng/l","µg/l","0,001000000000","","",""
"336","PAH, summa övriga","µg/l","µg/l","1,000000000000","","",""
"376","PAH, summa övriga","ng/l","µg/l","0,001000000000","","",""
"288","Part-C","µg/l","µg/l","1,000000000000","","",""
"289","Part-N","µg/l","µg/l","1,000000000000","","",""
"182","Part-P","µg/l","µg/l","1,000000000000","","",""
"238","Part-P","mg/l","µg/l","1000,000000000000","","",""
"393","Part-P","µg/l P","µg/l","1,000000000000","","",""
"33","Pb","µg/l","µg/l","1,000000000000","","",""
"136","Pb","mg/l","µg/l","1000,000000000000","","",""
"119","Pb_F","µg/l","µg/l","1,000000000000","","",""
"211","Pb_F","mg/l","µg/l","1000,000000000000","","",""
"354","PFAS11","ng/l","ng/l","1,000000000000","","",""
"356","PFAS11","µg/l","ng/l","1000,000000000000","","",""
"353","PFAS4","ng/l","ng/l","1,000000000000","","",""
"338","PFBA","ng/l","ng/l","1,000000000000","","",""
"339","PFBS","ng/l","ng/l","1,000000000000","","",""
"340","PFDA","ng/l","ng/l","1,000000000000","","",""
"385","PFDoDA","ng/l","ng/l","1,000000000000","","",""
"388","PFDoDS","ng/l","ng/l","1,000000000000","","",""
"382","PFDS","ng/l","ng/l","1,000000000000","","",""
"341","PFHpA","ng/l","ng/l","1,000000000000","","",""
"381","PFHpS","ng/l","ng/l","1,000000000000","","",""
"342","PFHxA","ng/l","ng/l","1,000000000000","","",""
"343","PFHxS","ng/l","ng/l","1,000000000000","","",""
"344","PFNA","ng/l","ng/l","1,000000000000","","",""
"389","PFNS","ng/l","ng/l","1,000000000000","","",""
"345","PFOA, grenad","ng/l","ng/l","1,000000000000","","",""
"346","PFOA, linjär","ng/l","ng/l","1,000000000000","","",""
"347","PFOA, total","ng/l","ng/l","1,000000000000","","",""
"348","PFOS, grenad","ng/l","ng/l","1,000000000000","","",""
"349","PFOS, linjär","ng/l","ng/l","1,000000000000","","",""
"350","PFOS, total","ng/l","ng/l","1,000000000000","","",""
"355","PFOS, total","µg/l","ng/l","1000,000000000000","","",""
"352","PFPeA","ng/l","ng/l","1,000000000000","","",""
"380","PFPeS","ng/l","ng/l","1,000000000000","","",""
"390","PFTrDA","ng/l","ng/l","1,000000000000","","",""
"391","PFTrDS","ng/l","ng/l","1,000000000000","","",""
"384","PFUnDA","ng/l","ng/l","1,000000000000","","",""
"392","PFUnDS","ng/l","ng/l","1,000000000000","","",""
"34","pH","","","1,000000000000","","",""
"35","PO4-P","µg/l","µg/l P","1,000000000000","","",""
"73","PO4-P","mg/l","µg/l P","1000,000000000000","","",""
"170","PO4-P","µg/l P","µg/l P","1,000000000000","","",""
"253","PO4-P","mg/l P","µg/l P","1000,000000000000","","",""
"233","PO4-P_F","mg/l","µg/l P","1000,000000000000","","",""
"234","PO4-P_F","µg/l","µg/l P","1,000000000000","","",""
"329","Pyren","µg/l","µg/l","1,000000000000","","",""
"377","Pyren","ng/l","µg/l","0,001000000000","","",""
"180","Q","m3/s","m3/s","1,000000000000","","",""
"249","Q","l/s","m3/s","0,001000000000","","","2"
"179","S","mg/l","mg/l","1,000000000000","","",""
"298","S_F","mg/l","mg/l","1,000000000000","","",""
"271","Salinitet","PSU","PSU","1,000000000000","","",""
"55","Sb","µg/l","µg/l","1,000000000000","","",""
"292","Sb","mg/l","µg/l","1000,000000000000","","",""
"222","Sb_F","µg/l","µg/l","1,000000000000","","",""
"302","Sb_F","mg/l","µg/l","1000,000000000000","","",""
"36","Se","µg/l","µg/l","1,000000000000","","",""
"357","Se","mg/l","µg/l","1000,000000000000","","",""
"120","Se_F","µg/l","µg/l","1,000000000000","","",""
"304","Se_F","mg/l","µg/l","1000,000000000000","","",""
"37","Si","mg/l","mg/l","1,000000000000","","",""
"129","Si","µg/l","mg/l","0,001000000000","","","2"
"103","Si_F","mg/l","mg/l","1,000000000000","","",""
"38","Siktdjup","m","m","1,000000000000","","",""
"116","Siktdjup med kikare","m","m","1,000000000000","","",""
"117","Siktdjup utan kikare","m","m","1,000000000000","","",""
"267","SiO2","mg/l","mg/l","1,000000000000","","",""
"39","Slamhalt","mg/l","mg/l","1,000000000000","","",""
"235","Slamhalt_F","mg/l","mg/l","1,000000000000","","",""
"307","Sn","µg/l","µg/l","1,000000000000","","",""
"299","Sn_F","mg/l","µg/l","1000,000000000000","","",""
"79","SO4","mekv/l","mg/l S","16,035000000000","mekv/l","1,000000000000",""
"88","SO4","mg/l","mg/l","1,000000000000","","",""
"171","SO4","mg/l S","mg/l S","1,000000000000","mekv/l","0,062363580000",""
"277","SO4","mg/l SO4","mg/l SO4","1,000000000000","mekv/l","0,020821180000",""
"80","SO4_IC","mekv/l","mg/l S","16,035000000000","mekv/l","1,000000000000",""
"89","SO4_IC","mg/l","mg/l","1,000000000000","","",""
"286","SO4_IC","mg/l SO4","mg/l SO4","1,000000000000","mekv/l","0,020821180000",""
"261","SO4_Mack.","mekv/l","mekv/l","1,000000000000","","",""
"56","Sr","µg/l","µg/l","1,000000000000","","",""
"155","Sr","mg/l","µg/l","1000,000000000000","","",""
"109","Sr_F","µg/l","µg/l","1,000000000000","","",""
"306","Sr_F","mg/l","µg/l","1000,000000000000","","",""
"32","Syrgashalt","mg/l","mg/l O2","1,000000000000","","",""
"166","Syrgashalt","mg/l O2","mg/l O2","1,000000000000","","",""
"57","Syrgasmättnad","%","%","1,000000000000","","",""
"300","Ti_F","mg/l","µg/l","1000,000000000000","","",""
"301","Tl_F","mg/l","µg/l","1000,000000000000","","",""
"41","TOC","mg/l","mg/l C","1,000000000000","","",""
"174","TOC","mg/l C","mg/l C","1,000000000000","","",""
"112","Tot-N","µg/l","µg/l N","1,000000000000","","",""
"113","Tot-N","mg/l","µg/l N","1000,000000000000","","",""
"236","Tot-N","mg/l N","µg/l N","1000,000000000000","","",""
"243","Tot-N","µg/l N","µg/l N","1,000000000000","","",""
"162","Tot-N_F","µg/l","µg/l N","1,000000000000","","",""
"163","Tot-N_F","mg/l","µg/l N","1000,000000000000","","",""
"81","Tot-N_ps","µg/l","µg/l N","1,000000000000","","",""
"90","Tot-N_ps","mg/l","µg/l N","1000,000000000000","","",""
"172","Tot-N_ps","µg/l N","µg/l N","1,000000000000","","",""
"186","Tot-N_ps","mg/l N","µg/l N","1000,000000000000","","",""
"82","Tot-N_summa","µg/l","µg/l N","1,000000000000","","",""
"91","Tot-N_summa","mg/l","µg/l N","1000,000000000000","","",""
"204","Tot-N_summa","µg/l N","µg/l N","1,000000000000","","",""
"245","Tot-N_summa","mg/l N","µg/l N","1000,000000000000","","",""
"83","Tot-N_TNb","µg/l","µg/l N","1,000000000000","","",""
"92","Tot-N_TNb","mg/l","µg/l N","1000,000000000000","","",""
"177","Tot-N_TNb","µg/l N","µg/l N","1,000000000000","","",""
"244","Tot-N_TNb","mg/l N","µg/l N","1000,000000000000","","",""
"42","Tot-P","µg/l","µg/l P","1,000000000000","","",""
"74","Tot-P","mg/l","µg/l P","1000,000000000000","","",""
"173","Tot-P","µg/l P","µg/l P","1,000000000000","","",""
"185","Tot-P","mg/l P","µg/l P","1000,000000000000","","",""
"138","Tot-P_F","µg/l","µg/l P","1,000000000000","","",""
"139","Tot-P_F","mg/l","µg/l P","1000,000000000000","","",""
"198","Tot-P_F","µg/l P","µg/l P","1,000000000000","","",""
"246","Tot-P_F","mg/l P","µg/l P","1000,000000000000","","",""
"219","ts_vatten","mg/l","mg/l","1,000000000000","","",""
"262","Turb","","","1,000000000000","","",""
"85","Turb_FNU","FNU","FNU","1,000000000000","","",""
"199","Turb_FTU","FTU","FTU","1,000000000000","","",""
"192","Turb_JTU","JTU","JTU","1,000000000000","","",""
"207","Turb_NTU","NTU","NTU","1,000000000000","","",""
"86","Turb_ZP","ZP","ZP","1,000000000000","","",""
"124","U","µg/l","µg/l","1,000000000000","","",""
"156","U","mg/l","µg/l","1000,000000000000","","",""
"228","U_F","µg/l","µg/l","1,000000000000","","",""
"294","U_F","mg/l","µg/l","1000,000000000000","","",""
"43","V","µg/l","µg/l","1,000000000000","","",""
"157","V","mg/l","µg/l","1000,000000000000","","",""
"121","V_F","µg/l","µg/l","1,000000000000","","",""
"272","V_F","mg/l","µg/l","1000,000000000000","","",""
"40","Vattentemperatur","°C","°C","1,000000000000","","",""
"44","W","µg/l","µg/l","1,000000000000","","",""
"114","W_F","µg/l","µg/l","1,000000000000","","",""
"45","Zn","µg/l","µg/l","1,000000000000","","",""
"137","Zn","mg/l","µg/l","1000,000000000000","","",""
"115","Zn_F","µg/l","µg/l","1,000000000000","","",""
"217","Zn_F","mg/l","µg/l","1000,000000000000","","",""